Noun Bi-gram,Count
et al,14
turkey p,6
fig s,6
motor neuron,6
mass loss,6
heart disease,5
litter decomposition,5
cave system,4
d activity,4
heart failure,4
gte egcg,4
mdxcv mice,4
vasa deferentia,4
spore solution,3
mm inner,3
inner diameter,3
p s,3
p phymatodellus,3
p pusillum,3
p alni,3
outer margin,3
cross vein,3
m cua,3
postojna cave,3
pivka river,3
carbon source,3
body weight,3
study period,3
foxo allele,3
sema c,3
ejaculatory bulb,3
nup nup,3
state brazil,2
e brasiliensis,2
growth chamber,2
cfu ml,2
s str,2
str testaceus,2
pusillum fabricius,2
p fasciatum,2
p lividum,2
band disease,2
pathogen vibrio,2
dorsal surface,2
margin; r,2
accessory cell,2
cnemidophorus nativo,2
bahia state,2
traction force,2
traction stress,2
adhesion length,2
dia inh,2
fig b,2
air inflow,2
thyroid hormone,2
hormone th,2
th metabolism,2
type deiodinase,2
deiodinase d,2
triiodothyronine t,2
pressure overload,2
gene program,2
r chodat,2
culture collection,2
tuffryn« membrane,2
wastewater treatment,2
treatment plant,2
plant effluent,2
food consumption,2
consumption index,2
body wt,2
water temperature,2
mg l,2
phytoplankton community,2
community composition,2
s b,2
leaf litter,2
sporulation rate,2
sporulation peak,2
l curvula,2
neuron differentiation,2
element gs,2
fig c,2
p element,2
fig e,2
antibody specificity,2
vnc fig,2
fig g,2
mt mmp,2
bovine serum,2
p cas,2
mm tris,2
cell debris,2
fluorescence microscopy,2
room temperature,2
greenhouse gas,2
co evolution,2
plant litter,2
mm pmsf,2
rab effector,2
▀ recycling,2
plasma membrane,2
attraction fig,2
genus exorista,2
deferentia expand,2
descending arm,2
ascending arm,2
savanna area,1
area cerrado,1
cerrado sensu,1
sensu stricto,1
brazil æs,1
s lycocarpum,1
body part,1
aggregation present,1
field observation,1
brasiliensis nymphs,1
« sony,1
inc california,1
analysis mean,1
deviation sd,1
chisquare test,1
bacillus spore,1
spore concentration,1
count analysis,1
stock spore,1
seed treatment,1
oilseed rape,1
rape b,1
b napus,1
napus cv,1
cv westar,1
sodium hypochlorite,1
soil standard,1
standard soil,1
soil kjord,1
bacillus inoculation,1
plant development,1
water status,1
germination efficiency,1
efficiency number,1
seed development,1
germination rate,1
plant growth,1
h photoperiod,1
water availability,1
brassicae v,1
v longisporum,1
longisporum vd,1
vd b,1
b cinerea,1
potato dextrose,1
dextrose agar,1
agar pda,1
chemical co,1
co st,1
st louis,1
louis mi,1
agar surface,1
pipette tip,1
bⁿrkner chamber,1
strain cy,1
oenococcus oeni,1
lallemand montreal,1
montreal canada,1
canada grape,1
bladder press,1
press type,1
diammonium hydrogen,1
hydrogen phosphate,1
phosphate sigma,1
sigma mg,1
mg liter,1
twelve liter,1
liter glass,1
oeni strain,1
strain eq,1
wine lab,1
fermentation temperature,1
░c week,1
seitzschenk germany,1
m membrane,1
membrane filtration,1
filtration mm,1
mm nylon,1
nylon disk,1
winemaking process,1
highpressure liquid,1
liquid chromatography,1
summit hplc,1
hplc system;,1
m nylon,1
diameter supelcogel,1
supelcogel h,1
h column,1
diameter supelguard,1
supelguard ch,1
ch supelco,1
supelco precolumn,1
inline filter,1
oak harbor,1
phase hplc,1
hplc grade;,1
grade; sigma,1
ml min,1
class vp,1
vp system,1
reversephase hplc,1
hplc amino,1
precolumn derivatization,1
diameter column,1
column supelco,1
cheshire england,1
hydrochory dispersal,1
dispersal hypothesis,1
flow pattern,1
precipitation junk,1
junk et,1
population t,1
stream t,1
motionö bm,1
fluid medium;,1
medium; vendryφs,1
headwater t,1
slope t,1
drainage basin,1
founder effect,1
dispersion model,1
clivina fossor,1
fossor l,1
bledius longulus,1
larvae living,1
flood junk,1
time andersen,1
isopoda kⁿhnhelt,1
inhibitor y,1
y effect,1
sample size,1
b b,1
park network,1
carpinus aesculus,1
aesculus fagus,1
larvae feed,1
subgenus melasmetus,1
melasmetus reitter,1
phymatodellus reitter,1
p melasmetus,1
melasmetus femoralis,1
p femoralis,1
femoralis demelti,1
demelti heyrovski,1
testaceus linnaeus,1
phymatodellus magnanii,1
magnanii sama,1
m femoralis,1
chorotype poecilium,1
poecilium fairmaire,1
linnaeus p,1
pici aurivillius,1
russia caucasus,1
caucasus georgia,1
alni pici,1
lividum rossi,1
pusillum rufipenne,1
rufipenne starck,1
chorotype lioderina,1
lioderina ganglbauer,1
monotypic genus,1
turkey l,1
l linearis,1
linearis hampe,1
marine ecosystem,1
al consider,1
zooxanthellae û,1
acropora palmata,1
growth medium,1
medium vizcaino,1
pseudopterogorgia americana,1
vibrio coralliilyticustype,1
coralliilyticustype strain,1
v coralliilyticus,1
coralliilyticus possess,1
oculina patagonica,1
vibrio shiloi,1
diploria strigosa,1
strigosa cooney,1
cooney et,1
cordate fore,1
brown; oblique,1
surface beige,1
angle pattern,1
cua cua,1
cup cup,1
dorsal hind,1
end cell;,1
cell; chorda,1
chorda ellipsoidal,1
cell; r,1
r r,1
chorda; r,1
apex r,1
margin origin,1
m proximal,1
base; m,1
m andm,1
andm equidistant,1
portion; origin,1
cell; cup,1
cell; accessory,1
cua origin,1
margin hind,1
margin; m,1
m m,1
cua arising,1
vein m,1
scale tuft,1
dorsal view,1
view uncus,1
gnathos excavate,1
margin convex,1
margin excavate;,1
excavate; costa,1
sacculus weakly,1
absent penis,1
region; vesica,1
cornuti coecum,1
half subtriangular,1
lamella postvaginalis,1
guaratiba bahia,1
lizard body,1
habitat eg,1
rocha bergallo,1
a; teixeirafilho,1
nativo sauria,1
sauria teiidae,1
whiptail lizard,1
sand dune,1
espirito santo,1
santo state,1
state northward,1
coast rocha,1
rocha et,1
name c,1
description rocha,1
c nativo,1
nativo eg,1
habitat rocha,1
displacement analysis,1
force reconstruction,1
force microscopy,1
sabass et,1
paa gel,1
displacement field,1
cell displacement,1
velocimetry software,1
crosscorrelation coefficient,1
reference image,1
image displacement,1
interpolation method,1
traction cytometry,1
cytometry butler,1
zerothorder regularization,1
element method,1
method sabass,1
weight function,1
stress footprint,1
adhesion stricker,1
os cell,1
cell fig,1
incubation time,1
dia inhibitor,1
atn kd,1
inh dia,1
dia sirna,1
c fig,1
fakpy fak,1
pxnpy pxn,1
bulk cell,1
t fibroblast,1
kd t,1
fig d,1
d video,1
postojnska jama,1
jama postojna,1
study site,1
cave air,1
jama otoüka,1
otoüka jama,1
jama magdalena,1
magdalena jama,1
jama crna,1
crna jama,1
pivka jama,1
passage rov,1
rov pri,1
pri mumiji,1
air flow,1
tourist train,1
speleobiology research,1
part fig,1
fig site,1
external atmosphere,1
veliki dom,1
water splash,1
water course,1
ponor site,1
surface stream,1
cave environment,1
sampling site,1
river course,1
rn concentration,1
cave passage,1
leopard skinlike,1
microbe release,1
mass tourism,1
air quality,1
heart function,1
disease th,1
th therapy,1
disease type,1
prohormone thyroxine,1
tetracycline transactivator,1
transactivator system,1
reticulum sr,1
reticulum calcium,1
calcium atpase,1
naca exchanger,1
heavy chain,1
sarcolipin sln,1
sln expression,1
sercaa sln,1
gene expression,1
fetaltoadult switch,1
myosin isozyme,1
isozyme content,1
content amyosin,1
action potential,1
potential profile,1
addition th,1
example circulating,1
thyroxine t,1
deiodinase type,1
type d,1
activity th,1
th receptor,1
receptor expression,1
th use,1
heart dis¼ease,1
failure type,1
deiodinase enzyme,1
prohor mone,1
mone t,1
contractile function,1
banding ab,1
ab d,1
calcium cycling,1
kⁿtz czarnecki,1
achnanthidium lanceolatum,1
lanceolatum brθb,1
ap gomphonema,1
gomphonema parvulum,1
parvulum kⁿtz,1
kⁿtz kⁿtz,1
kⁿtz gp,1
algae scenedesmus,1
scenedesmus armatus,1
armatus r,1
chodat r,1
chodat sa,1
stigeoclonium tenue,1
ml erlenmeyer,1
chuæs medium,1
stainless steel,1
steel cap,1
cap growth,1
phase growth,1
mm tuffryn«,1
dupage county,1
county il,1
prairie rp,1
rp site,1
effluent release,1
stream flow,1
der site,1
district plantæs,1
plant operating,1
amber glass,1
glass jugs,1
carbon concentration,1
method b;,1
b; dohrmann,1
carbon sample,1
e branch,1
branch dupage,1
dupage river,1
effluent periphyton,1
teflon filter,1
filter micron,1
vv glycerol,1
glycerol solution,1
duplicate carbon,1
mouse weight,1
mean body,1
gg body,1
drug intake,1
supplementation fig,1
muscle histology,1
fig edl,1
mice fed,1
highdose gte,1
observation period,1
addition ph,1
ph oxygen,1
oxygen concentration,1
concentration conductivity,1
╡g l,1
lake restoration,1
restoration phosphorus,1
phosphorus tp,1
mg tp,1
tp l,1
srp l,1
phytoplankton development,1
l chl,1
phytoplankton biomass,1
biomass phytoplankton,1
autotrophs eg,1
eg cyanobacteria,1
lake water,1
production pp,1
b winter,1
cl day,1
protein production,1
production bpp,1
deviation <,1
b bpp,1
summer stratification,1
temperature correlation,1
correlation coefficient,1
coefficient p<,1
p< n=,1
n= cell,1
summer mean,1
year twosample,1
p <,1
< df=,1
hyphomycete community,1
process confirm,1
pioneer taxa,1
incubation suberkropp,1
adhesion capability,1
study f,1
f curvula,1
study area,1
substrate ie,1
sporulation potential,1
tetraradiate conidia,1
curvula sporulation,1
conidia ng,1
metabolic cost,1
system cns,1
neuron nuclei,1
misexpression screen,1
activation sequence,1
phenotype fig,1
latestage wildtype,1
gof b,1
b embryos,1
gene structure,1
drosophila foxo,1
instar larvae,1
larvae antifoxo,1
foxo code,1
forkhead domain,1
domain jⁿnger,1
locus slack,1
slack et,1
al antifoxo,1
foxo l,1
kb deletion,1
gs p,1
element transposon,1
transposon fig,1
c foxo,1
foxo protein,1
protein fig,1
expression pattern,1
nerve cord,1
cord vnc,1
foxo staining,1
instar larval,1
larval vnc,1
l vnc,1
antifoxo antibody,1
tissue fig,1
marker repo,1
data; hosoya,1
neuron marker,1
drosophila marquθs,1
neuron identity,1
foxo rnai,1
rnai construct,1
gal driver,1
s consistent,1
mmp antibody,1
antibody mab,1
antisrc antibody,1
antibody sc,1
cruz biotechnology,1
family antibody,1
antibody py,1
vinculin antibody,1
antiflag antibody,1
roche goat,1
goat antiûrabbit,1
invitrogen bb,1
cell culture,1
cancer cell,1
type culture,1
collection manassas,1
manassas va,1
va ht,1
zhenkun lou,1
lou mayo,1
rochester mn,1
mn bxpc,1
serum invitrogen,1
plasmid sirna,1
mt mmpgfp,1
mt mcherry,1
drs roberto,1
roberto buccione,1
buccione consorzio,1
consorzio mario,1
sud chieti,1
chieti italy,1
philippe chavrier,1
paris france,1
france fak,1
rat brain,1
brain cdna,1
cdna library,1
sfb vector,1
flag tag,1
pebgp cas,1
cas addgene,1
lipofectamine invitrogen,1
mmp d,1
d fak,1
fak m,1
cas m,1
thermo fisher,1
rnaimax invitrogen,1
protocol knockdown,1
h interval,1
mm nacl,1
nacl mm,1
mm edta,1
s protein,1
protein ip,1
ip cell,1
cell lysate,1
sample buffer,1
acioobserver microscope,1
microscope carl,1
ii camera,1
camera hamamatsu,1
ivision software,1
software biovision,1
adobe photoshop,1
photoshop wang,1
gelatin coating,1
min gelatin,1
gelatin matrix,1
gelatin invitrogen,1
sodium borohydride,1
degradation assay,1
assay cell,1
biomass mineralization,1
productivity biodiversity,1
year period,1
loss litter,1
litter moisture,1
moisture cn,1
decomposition rate,1
rainfall amount,1
carbon c,1
c storage,1
soil biodiversity,1
turnover rate,1
temperature rainfall,1
rainfall moisture,1
moisture availability,1
acer rufinerve,1
floor litter,1
decaying process,1
tukeyæs study,1
salamanca et,1
immunohistochemistry microscopy,1
image processing,1
hiesinger b,1
microscope sp,1
hcx plan,1
hiesinger et,1
versus wildtype,1
wildtype photoreceptor,1
colocalization experiment,1
medium vectashield;,1
vectashield; vector,1
fluor invitrogen,1
guinea pig,1
pig mouse,1
mouse rabbit,1
school glue,1
diode system,1
system mc,1
medium stewart,1
extraction buffer,1
buffer mm,1
tris ph,1
ph mm,1
protease inhibitor,1
inhibitor complete;,1
complete; roche,1
laemmli buffer,1
page gel,1
liquid nitrogen,1
total protein,1
immunoprecipitation buffer,1
tris mm,1
fly head,1
head extract,1
promote invasive,1
invasive cell,1
cell migration,1
protein rcp,1
dgka drove,1
drove rcpdependent,1
rcpdependent invasion,1
rcp mutant,1
c domain,1
tumor cell,1
cell invasion,1
require cancer,1
actin cytoskeleton,1
instance ferm,1
capacity moser,1
moser et,1
ligand engagement,1
function muller,1
muller et,1
botulinum neurotoxin,1
neurotoxin d,1
d bontd;,1
bontd; schiavo,1
syb knockout,1
knockout mice,1
mice schoch,1
plasma matrix,1
area perpendicular,1
gradient fig,1
area; d,1
area; t,1
root ganglion,1
ganglion drg,1
invalidation fig,1
control condition,1
condition sema,1
al bontd,1
bontd treatment,1
fig bûe,1
concentration gradient,1
growth cone,1
timelapse video,1
video microscopy,1
bontd fig,1
north america,1
america crosskey,1
region guimarπes,1
guimarπes south,1
region tschorsnig,1
phasiinae parasitize,1
exorista meigen,1
lepidoptera hymenoptera,1
subgenera herting,1
subgenera adenia,1
adenia robineaudesvoidy,1
robineaudesvoidy podotachina,1
podotachina brauer,1
ptilotachina brauer,1
bergenstamm exoristella,1
exoristella mesnil,1
subgenus spixomyia,1
e doddi,1
doddi curran,1
e ladelli,1
ladelli baranov,1
host use,1
laboratory kyushu,1
kyushu university,1
university blku;,1
malaysia sabah,1
sabah malaysia,1
zoology academia,1
academia sinica,1
china izas;,1
izas; museum,1
museum zoologicum,1
zoologicum bogoriense,1
bogoriense indonesia,1
indonesia mzb;,1
history museum,1
museum london,1
eye height,1
mid height,1
point terminology,1
nexus file,1
material winthemia,1
winthemia venusta,1
venusta meigen,1
meigen tribe,1
tribe winthemiini,1
sister group,1
parsimony analysis,1
b swofford,1
stepwise addition,1
addition sequence,1
bisection reconnection,1
reconnection branch,1
figure d,1
subgenus stenodema,1
s laevigata,1
s s,1
t pulchellus,1
pulchellus ~,1
figure c,1
length figure,1
dorsal gland,1
genus adelphocoris,1
adelphocoris reuter,1
vasa efferentia,1
protein transport,1
cdc scf,1
scf skp,1
e ligase,1
dynein light,1
light chain,1
cell division,1
envelope npc,1
npc core,1
core scaffold,1
fg phenylalanineglycine,1
transport function,1
prophase macaulay,1
kinase kosako,1
cell cycleûdependent,1
cycleûdependent manner,1
yeast npc,1
ubiquitylation participate,1
cell cycle,1
cycle progression,1
