Noun Bi-gram,Count
world history,14
time discipline,5
tel aviv,4
jin yi,4
john paul,4
community development,3
pasteur institute,3
world war,3
henry ii,3
porcelain production,3
science fiction,3
population policy,3
paul ii,3
army work,2
latin america,2
henry i,2
robert fitz,2
consumer culture,2
knowledge production,2
factory system,2
taoye tu,2
status quo,2
south africa,2
health problem,2
woman poet,2
selficonizing project,2
holy see,2
world conference,2
apache presence,1
colonialism frederick,1
frederick cooper,1
enhance incorporation,1
labor system,1
manhood achieve,1
achieve status,1
labor freedom,1
colonial society,1
apache case,1
colonial drawing,1
nothing permanent,1
army community,1
gymnasium professor,1
schaevius pastorius,1
bc date,1
geography pastorius,1
pastorius read,1
cosmography pastorius,1
worldæs land,1
land mass,1
jesuit michael,1
michael pexenfelder,1
holy roman,1
roman empireùa,1
language poetry,1
philosopher alain,1
dealer louis,1
louis carre,1
moma show,1
sculpture jeanlouis,1
jeanlouis paudrat,1
paris colonial,1
africa pavilion,1
france underwent,1
profound shift,1
marcel mauss,1
paul rivet,1
musee ethnographique,1
du trocadero,1
georgeshenri rivie`,1
literatureùfrenchlanguage commentary,1
policy congressman,1
metcalfe dil,1
congressman donald,1
fraser dmn,1
city council,1
president gerald,1
gerald r,1
r ford,1
metropolitan america,1
development block,1
block grant,1
grant cdbg,1
cdbg program,1
development movement,1
life today,1
ssprawl congestion,1
government servicesremain,1
robert weaver,1
weaver george,1
george romney,1
washington dc,1
property serving,1
roman law,1
possession; spanish,1
possidetis juris,1
nonaggression interdependence,1
goodö vision,1
harmony bound,1
state intervention,1
john coatsworth,1
coatsworth washington,1
reality construct,1
telegraphic network,1
analoguethe assault,1
colonial subjectivityfor,1
space texts,1
paul scotts,1
scotts raj,1
raj quartet,1
colonial surveyor,1
water desire,1
benita parry,1
colonial identity,1
colonial governmentæs,1
lucien raynaud,1
rockefeller foundation,1
york frederick,1
frederick russell,1
deputy selskar,1
selskar gunn,1
fall gunn,1
advocate raynaud,1
richard pearce,1
maurice violette,1
algeria calmette,1
control group,1
research institute,1
modernistö attempt,1
time calmette,1
laboratory work,1
population density,1
grinding poverty,1
professor wu,1
wu yujin,1
history textbook,1
history model,1
transnationstate narrative,1
historyæs criticism,1
identity formation,1
zhou gucheng,1
education press,1
ôzhou guchengæs,1
guchengæs ideaö,1
war environment,1
socialist system,1
civilization alien,1
world chinaæs,1
globalization process,1
longdistance commerce,1
longdistance trade,1
tortoise shell,1
rock crystal,1
exchange henry,1
henry wright,1
absolute reliability,1
sanje ya,1
porcelain ware,1
stoneware stoneware,1
analysis undertaken,1
trading site,1
production one,1
exchequer system,1
blanch farm,1
county farm,1
farm consistently;,1
empress matilda,1
duke henry,1
administration occur,1
fitz harding,1
business career,1
east jaffa,1
seventy thousand,1
modernity versus,1
versus tradition,1
zionist ideology,1
ninety percent,1
war s,1
s i,1
history palestine,1
globalization urbanism,1
level globalization,1
contact betweenand,1
war i,1
war globalization,1
network formation,1
aviv region,1
modernity colonialism,1
colonialism capitalism,1
zionist movement,1
family car,1
middleclass arrival,1
transport travel,1
research beginning,1
martin daunton,1
matthew hilton,1
macroworld history,1
winter snow,1
agriculture industry,1
guangxu reign,1
turn spread,1
mobilization relief,1
relief medication,1
comfort ash,1
mt tambora,1
tambora eruption,1
growth season,1
jiaiqing famine,1
climate change,1
infantry force,1
yokohama hearn,1
gertrude bell,1
bell koizumi,1
pure japan,1
marriage hearn,1
meiji state,1
state sh,1
sh nolte,1
century literacy,1
son kazuo,1
nothing good,1
man happier,1
pure reason,1
time herder,1
clock time,1
way time,1
time awareness,1
article time,1
time workdiscipline,1
work thompson,1
work discipline,1
tu production,1
jiangxi province,1
viewing practice,1
craig clunas,1
ming connoisseurship,1
ming society,1
pierre bourdieus,1
bourdieus study,1
sense i,1
jingdezhen porcelain,1
john k,1
world order,1
world silver,1
science technology,1
result consumption,1
robert finlay,1
china porcelain,1
culture specific,1
article production,1
labouring population,1
settler imagination,1
s stirling,1
race hutt,1
child rearing,1
stieg larsson,1
millennium trilogy,1
trilogy crime,1
libraryæs sf,1
sf exhibition,1
world science,1
endsö nalo,1
nalo hopkinson,1
uppinder mehan,1
mehan state,1
orientalist stereotyping,1
antonio gramsciæs,1
gramsciæs concept,1
dongria kongh,1
mining company,1
company vedanta,1
separation barrier,1
film industry,1
authoritiesæ concern,1
albertaæs tar,1
rda fullpage,1
avatar sandsö,1
ayoreo tribe,1
imperialism globalization,1
globalization capitalism,1
discussion amongst,1
history class,1
shahs twin,1
twin sister,1
jewelry imelda,1
iron butterfly,1
filipina dress,1
chicago defender,1
iwy tribune,1
tribune newspaper,1
newspaper xilonen,1
sex appeal,1
cosmonaut valentina,1
valentina tereshkova,1
mexico city,1
newspaper le,1
le monde,1
end page,1
textbook example,1
theorist nancy,1
nancy fraser,1
fraser describes,1
pink lady,1
richard nixon,1
widowhood dynamic,1
douglass legacy,1
douglass gender,1
male party,1
party leadership,1
douglass campaign,1
experience intelligence,1
broadway actress,1
dust bowl,1
film star,1
star melvyn,1
melvyn douglas,1
name recognition,1
franklin roosevelt,1
alternate delegate,1
douglass biographer,1
gender campaigning,1
party loyalty,1
party structure,1
population increase,1
increase urbanization,1
networking vd,1
colonial buganda,1
procreation workforce,1
publichealth problem,1
economy unemployment,1
s hence,1
labor force,1
nonsettler colony,1
colony lagos,1
force waff,1
colonial status,1
colonial hegemony,1
war ii,1
disease cannot,1
vd control,1
character lin,1
lin daiyu,1
chamber jin,1
wang zhenyi,1
zuo bc,1
bc bc,1
jin yis,1
guattaris concept,1
majority canon,1
male sentimentsthe,1
sentimentsthe complexity,1
warùmight evaporate,1
army general,1
congress soontobe,1
president rutherford,1
observation ôwe,1
scholar john,1
john codman,1
codman hurd,1
course sink,1
mexicanization discourse,1
statesæ process,1
state fragility,1
fragility stability,1
dissipating tendency,1
emancipation reconstruction,1
manmade process,1
culture structure,1
discursiveö rut,1
history articles;,1
antebellum slavery,1
john blassingame,1
ôembeddednessö reverberate,1
georg simmel,1
vacuum push,1
stretch adapt,1
stanley calder,1
calder sandage,1
rockman glickman,1
shank stein,1
stein moreton,1
historyæs swan,1
swan song,1
imperialist plotting,1
brion davis,1
point davis,1
symbol scholarship,1
movement push,1
humanae vitaes,1
vitaes prohibition,1
successor john,1
church structure,1
alfonso l≤pez,1
l≤pez trujillo,1
leadership conference,1
war pope,1
pope john,1
anticommunist struggle,1
churchs authority,1
paul vi,1
vi john,1
vienna world,1
cairo conference,1
birth control,1
control policy,1
