Noun Bi-gram,Count
et al,4
body size,4
water quality,4
cell wall,4
cell body,3
complement system,3
time t,2
culture medium,2
water availability,2
land use,2
plasma membrane,2
colorless cryptophyte,2
fig b,2
earthæs environment,2
s rrna,2
wildtype allele,2
population size,2
butt swell,2
world everything,1
output chapter,1
time period,1
wet season,1
rain today,1
rain yesterday,1
shorthand algebra,1
p q,1
cell culture,1
meaning æin,1
æin glassæ,1
fluid environment,1
gas exchange,1
cell type,1
culture slice,1
slice culture,1
mm thick,1
slice plane,1
culture technique,1
pressure injection,1
polar compound,1
pipette electrode,1
cholera toxin,1
toxin b,1
b dextranbiotin,1
eg dii,1
postmortem tissue,1
hornerdevine et,1
thcentury microbiologist,1
tobacco mosaic,1
mosaic disease,1
culture chung,1
principle ææeverything,1
environment selectsææ,1
selectsææ oæmalley,1
robert jackson,1
section challenge,1
scale fierer,1
availability oxygen,1
nutrient status,1
example conservation,1
community structure,1
der putten,1
function fraterrigo,1
fraterrigo et,1
tillage forest,1
forest clearing,1
nitrogen eg,1
eg amino,1
ammonia making,1
animal biogeography,1
animal diversity;,1
land habitat,1
series intertidal,1
sea level,1
deepsea zone,1
area fig,1
deepsea floor,1
surface food,1
surface production,1
water column,1
water salinity,1
m depth,1
wisconsin glaciation,1
substrate type,1
type û,1
û rock,1
particle size,1
gravel >,1
> sand,1
clay; depth;,1
depth; food,1
food supply,1
electroreception vision,1
vision chemoreception,1
chemoreception taste,1
pain box,1
wateræs density,1
line system,1
summeræs day,1
kokopu galaxias,1
galaxias argenteus,1
pool hence,1
faster water,1
cm fish,1
environment eg,1
opening example,1
word littoral,1
word microhabitat,1
shorthand expression,1
difference dissimilarity,1
measure fig,1
biochemistry biogeography,1
decomposer predator,1
cf table,1
example closer,1
body mass,1
subsurface wetland,1
model description,1
d model,1
d river,1
river model,1
information system,1
system gis,1
gis software,1
surface modelling,1
modelling tool,1
section section,1
lattice approach,1
model ibm,1
language i,1
production rate,1
measurement campbell,1
conductivity measurement,1
measurement device,1
lake boundary,1
mass cultivation,1
cultivation speed,1
growth use,1
random screening,1
strain improvement,1
engineering technology,1
use fermentation,1
product approval,1
producer organism,1
fermenter environment,1
shotgun approach,1
plant material,1
material soil,1
soil sewage,1
sewage water,1
target compound,1
cryptophyta cryptophyceae,1
asymmetric cell,1
cell shape,1
lobed chloroplast,1
pyrenoid cell,1
cell structure,1
row heath,1
heath et,1
body lee,1
periplast gantt,1
area adjacent,1
vestibulum brett,1
cell giroldo,1
chloroplast envelope,1
envelope fig,1
outer membrane,1
chloroplast douglas,1
douglas et,1
basal body,1
body replication,1
reticulum mckerracher,1
cryptophyte chilomonas,1
chilomonas fig,1
carotenoid present,1
xanthophyll diatoxanthin,1
outer crust,1
surface layer,1
molten rock,1
living world,1
planetæs environment,1
plant life,1
cycling matter,1
earthæs development,1
mountain uplift,1
moscow university,1
life threatening,1
cholera chancroid,1
animal model,1
zidovudine azt,1
azt therapy,1
immunodeficiency virus,1
virus hiv,1
controversy arose,1
control group,1
trial group,1
test design,1
tuskegee syphilis,1
syphilis experiment,1
course box,1
disease hospital,1
hospital study,1
willowbrook state,1
state school,1
hepatitis virus,1
beneficence maximize,1
maximize benefit,1
risk distribution,1
clothing housing,1
respiratory system,1
composition water,1
water activity,1
activity salinity,1
temperature range,1
growth temperature,1
skin eg,1
eg face,1
temperature change,1
ph û,1
stomach duodenum,1
duodenum caecum,1
tear film,1
ph range,1
streptococci lactobacilli,1
wastewater treatment,1
salmonella shigella,1
mycobacterium avium,1
lund s,1
rrna gene,1
predominant bacteria,1
group bifi,1
bifi dobacterium,1
dobacterium clostridium,1
prevotella matsuki,1
al wastewater,1
flavobacterium acinetobacter,1
spp; non,1
fever cholera,1
salmonella salmonellae,1
wastewater range,1
cause typhoid,1
paratyphoid fever,1
gastroenteritis salmonella,1
food contamination,1
drinking water,1
concern s,1
s typhi,1
typhoid fever,1
water treatment,1
chlorination fi,1
fi ltration,1
food microbiology,1
microbiology past,1
storage spoilage,1
b c,1
c e,1
microscopic fungus,1
van leeuwenhoek,1
leeuwenhoek fig,1
microscope fig,1
hookeæs design,1
pond water,1
water microbiology,1
microbiology fig,1
mid s,1
s lazzaro,1
lazzaro spallanzani,1
louis pasteuræs,1
experiment see,1
see box,1
robert koch,1
animal ii,1
origin microbiology,1
koch laboratory,1
plating method,1
method gelatin,1
degrade gelatin,1
gelatin walter,1
koch lab,1
wife fanny,1
fanny frau,1
frau hesse,1
source eg,1
fixation homozygosity,1
allele none,1
parent population,1
population replicate,1
base population,1
mauritius kestrel,1
kestrel heterozygosity,1
pair bottleneck,1
bottleneck box,1
hendrik persoon,1
persoon anton,1
von schweinitz,1
schweinitz today,1
cosmopolitan worldwide,1
worldwide genus,1
genus fusarium,1
toxic aleukia,1
abraham joffe,1
carbon cycle,1
cycle fungi,1
elm disease,1
rice blast,1
contrast occur,1
extension hyphae,1
wall plasma,1
sterol ergosterol,1
ergosterol s,1
use nitrate,1
evening watch,1
space move,1
living thing,1
dense volume,1
time zero,1
dense state,1
background radiation,1
life history,1
space telescope,1
dust clouds,1
skin liver,1
havoc elastin,1
turnover rate,1
sun damageù,1
buschkeollendorf syndrome,1
bone disease,1
kligman md,1
scientist robert,1
robert lavker,1
wrinkle formation,1
formation arrive,1
skin droops,1
doughy consistency,1
sewage treatment,1
treatment plant,1
chemical treatment,1
environment influence,1
carbon bond,1
carbon source,1
substrate specificity,1
hydrocarbon metabolism,1
oil spill,1
phylum basidiomycota,1
basidiomycota order,1
introduction occurrence,1
term toadstool,1
cap fig,1
binominalslthe death,1
death cup,1
cup amanita,1
mane coprinus,1
coprinus comatus;,1
omphalotus olearius;,1
honey mushroom,1
mushroom armillaria,1
armillaria mellea,1
h smith,1
color stereophotographs,1
substrate basidiocarps,1
breaking strength,1
wood characteristic,1
sea water,1
elasticity flexibility,1
cell cohesion,1
wood reach,1
wall material,1
material cellulose,1
cellulose lignin,1
wood sample,1
reaction wood,1
wood deformation,1
breadth depth,1
structure stiffness,1
stiffness eightfold,1
ground dbh,1
trunk size,1
oak lombardy,1
lombardy poplar,1
growth form,1
basal rosette,1
tall flowering,1
flowering stalk,1
treelike yuccas,1
sweat sweat,1
salt content,1
invading microbe,1
cell discharge,1
killer nk,1
cascade response,1
cell lysis,1
word opson,1
phase proteinsæ,1
necrosis factor,1
